Feature,TP,FP,TN,FN,CIMP Low
BRAF_GRCh37_7:140453136-140453136_Missense-Mutation-SNP-A-A-T_Missense-Mutation-SNP-A-T-T,16,4,188,16,0.9107142857142857
FBXW7_GRCh37_4:153249384-153249384_Missense-Mutation-SNP-C-C-T,2,1,191,30,0.8616071428571428
GRB14_GRCh37_2:165365288-165365296_In-Frame-Del-DEL-TTTTTTTTT----,7,1,191,25,0.8839285714285714
MBD4_GRCh37_3:129155548-129155557_Frame-Shift-Del-DEL-TTTTTTTTTT----,6,2,190,26,0.875
MSH6_GRCh37_2:48030640-48030647_Frame-Shift-Del-DEL-CCCCCCCC----,3,0,192,29,0.8705357142857143
PRDM2_GRCh37_1:14108749-14108757_In-Frame-Del-DEL-AAAAAAAAA----,5,1,191,27,0.875
HMMR_GRCh37_5:162917426-162917434_In-Frame-Del-DEL-AAAAAAAAA----,5,1,191,27,0.875
SEC63_GRCh37_6:108214755-108214764_Frame-Shift-Del-DEL-TTTTTTTTTT----,8,3,189,24,0.8794642857142857
KRAS_GRCh37_12:25398284-25398284_Missense-Mutation-SNP-C-T-T_Missense-Mutation-SNP-C-A-A,8,22,170,24,0.7946428571428572
PIK3CA_GRCh37_3:178952085-178952085_Missense-Mutation-SNP-A-G-G,3,2,190,29,0.8616071428571428
APC_GRCh37_5:112173704-112173704_Nonsense-Mutation-SNP-C-T-T,2,3,189,30,0.8526785714285714
RAD50_GRCh37_5:131931452-131931460_In-Frame-Del-DEL-AAAAAAAAA----,6,1,191,26,0.8794642857142857
ACVR2A_GRCh37_2:148683686-148683693_Frame-Shift-Del-DEL-AAAAAAAA----,12,5,187,20,0.8883928571428571
CASP5_GRCh37_11:104878041-104878050_Frame-Shift-Del-DEL-TTTTTTTTTT----,3,4,188,29,0.8526785714285714
MSH3_GRCh37_5:79970915-79970922_Frame-Shift-Del-DEL-AAAAAAAA----,8,3,189,24,0.8794642857142857
BTNL8_GRCh37_5:180335598-180335598_Missense-Mutation-SNP-T-G-G,2,1,191,30,0.8616071428571428
ACVR2A_GRCh37_2:148657041-148657048_Frame-Shift-Del-DEL-AAAAAAAA----,2,1,191,30,0.8616071428571428
BCL10_GRCh37_1:85736511-85736518_Frame-Shift-Del-DEL-TTTTTTTT----,2,0,192,30,0.8660714285714286
WISP3_GRCh37_6:112389434-112389442_In-Frame-Del-DEL-AAAAAAAAA----,2,2,190,30,0.8571428571428572
ITIH5_GRCh37_10:7605141-7605141_Missense-Mutation-SNP-C-T-T,2,0,192,30,0.8660714285714286
CCDC15_GRCh37_11:124845049-124845049_Frame-Shift-Del-DEL-A----,2,1,191,30,0.8616071428571428
KRAS_GRCh37_12:25380277-25380278_Missense-Mutation-DNP-GA-TT-TT,2,0,192,30,0.8660714285714286
GABRA5_GRCh37_15:27128584-27128584_Missense-Mutation-SNP-G-A-A,2,0,192,30,0.8660714285714286
GAN_GRCh37_16:81391440-81391440_Nonsense-Mutation-SNP-C-T-T,2,0,192,30,0.8660714285714286
CEACAM16_GRCh37_19:45202702-45202702_Intron-DEL-T----,2,0,192,30,0.8660714285714286
CHD5_GRCh37_1:6202223-6202223_Missense-Mutation-SNP-C-T-T,2,0,192,30,0.8660714285714286
MECOM_GRCh37_3:168833257-168833257_Frame-Shift-Del-DEL-T----,2,0,192,30,0.8660714285714286
ADAMTS3_GRCh37_4:73176816-73176816_Silent-SNP-C-T-T,2,0,192,30,0.8660714285714286
ICA1_GRCh37_7:8198251-8198251_Frame-Shift-Del-DEL-T----,2,1,191,30,0.8616071428571428
FAM135B_GRCh37_8:139164067-139164067_Missense-Mutation-SNP-C-T-T,2,0,192,30,0.8660714285714286
PPP6C_GRCh37_9:127911967-127911967_Silent-SNP-C-T-T,2,0,192,30,0.8660714285714286
USP11_GRCh37_X:47100031-47100031_Missense-Mutation-SNP-G-A-A,2,0,192,30,0.8660714285714286
ATR_GRCh37_3:142274740-142274749_Frame-Shift-Del-DEL-TTTTTTTTTT----,4,1,191,28,0.8705357142857143
AXIN2_GRCh37_17:63532585-63532591_Frame-Shift-Del-DEL-CCCCCCC----,2,0,192,30,0.8660714285714286
MSH6_GRCh37_2:48030640-48030641_Frame-Shift-Ins-INS-----C,2,0,192,30,0.8660714285714286
TGFBR2_GRCh37_3:30691872-30691881_Frame-Shift-Del-DEL-AAAAAAAAAA----,11,6,186,21,0.8794642857142857
FOXN3_GRCh37_14:89878534-89878534_Frame-Shift-Del-DEL-G----,2,0,192,30,0.8660714285714286
HYDIN_GRCh37_16:71127814-71127814_Missense-Mutation-SNP-C-T-T,2,0,192,30,0.8660714285714286
JAK1_GRCh37_1:65332611-65332611_Missense-Mutation-SNP-C-T-T,2,0,192,30,0.8660714285714286
LZTS2_GRCh37_10:102762593-102762593_Frame-Shift-Del-DEL-C----,2,0,192,30,0.8660714285714286
FGF14_GRCh37_13:102375233-102375233_Missense-Mutation-SNP-G-A-A,2,0,192,30,0.8660714285714286
PLEKHA6_GRCh37_1:204228411-204228411_Frame-Shift-Del-DEL-C----,2,0,192,30,0.8660714285714286
TNS1_GRCh37_2:218683269-218683269_Silent-SNP-C-T-T,2,0,192,30,0.8660714285714286
ATP10D_GRCh37_4:47537967-47537967_Missense-Mutation-SNP-G-A-A,2,0,192,30,0.8660714285714286
AIM2_GRCh37_1:159032487-159032496_Frame-Shift-Del-DEL-TTTTTTTTTT----,6,4,188,26,0.8660714285714286
TCF7L2_GRCh37_10:114925317-114925325_In-Frame-Del-DEL-AAAAAAAAA----,4,4,188,28,0.8571428571428572
CRB1_GRCh37_1:197390428-197390428_Silent-SNP-C-T-T,2,1,191,30,0.8616071428571428
SAT1_GRCh37_X:23802147-23802147_Intron-DEL-A----,2,1,191,30,0.8616071428571428
PIK3CA_GRCh37_3:178936091-178936091_Missense-Mutation-SNP-G-A-A,2,6,186,30,0.8392857142857143
TBC1D10C_GRCh37_11:67176565-67176565_Frame-Shift-Del-DEL-C----,2,0,192,30,0.8660714285714286
TSHZ1_GRCh37_18:73000139-73000139_Missense-Mutation-SNP-G-T-T,2,0,192,30,0.8660714285714286
THRAP3_GRCh37_1:36752132-36752132_Nonsense-Mutation-SNP-C-T-T,2,0,192,30,0.8660714285714286
PPP1R12B_GRCh37_1:202407190-202407190_Intron-DEL-T----,2,0,192,30,0.8660714285714286
PXDN_GRCh37_2:1652984-1652984_Frame-Shift-Del-DEL-G----,2,0,192,30,0.8660714285714286
UGT2A1_GRCh37_4:70513073-70513073_Frame-Shift-Del-DEL-T----,2,0,192,30,0.8660714285714286
CRTC1_GRCh37_19:18887993-18887993_Frame-Shift-Del-DEL-C----,2,0,192,30,0.8660714285714286
FBXW7_GRCh37_4:153251907-153251907_Nonsense-Mutation-SNP-G-A-A,2,0,192,30,0.8660714285714286
PLXNA4_GRCh37_7:131866155-131866155_Silent-SNP-C-T-T,2,0,192,30,0.8660714285714286
RP9_GRCh37_7:33136124-33136124_Nonsense-Mutation-SNP-G-A-A,2,0,192,30,0.8660714285714286
DYNC2H1_GRCh37_11:103041639-103041639_Nonsense-Mutation-SNP-C-T-T,2,0,192,30,0.8660714285714286
SETD1B_GRCh37_12:122242658-122242658_Frame-Shift-Del-DEL-C----,2,0,192,30,0.8660714285714286
WHAMM_GRCh37_15:83499641-83499641_Silent-SNP-T-A-A,2,0,192,30,0.8660714285714286
CADPS_GRCh37_3:62464048-62464048_Missense-Mutation-SNP-C-T-T,2,0,192,30,0.8660714285714286
NEDD9_GRCh37_6:11191156-11191156_Missense-Mutation-SNP-C-T-T,2,0,192,30,0.8660714285714286
ENOX2_GRCh37_X:129799652-129799652_Missense-Mutation-SNP-G-A-A,2,0,192,30,0.8660714285714286
OR2M3_GRCh37_1:248367073-248367073_Missense-Mutation-SNP-G-A-A,2,0,192,30,0.8660714285714286
TAS1R2_GRCh37_1:19181156-19181156_Missense-Mutation-SNP-G-G-A,2,0,192,30,0.8660714285714286
PCDHGA2_GRCh37_5:140719021-140719021_Silent-SNP-C-T-T,2,0,192,30,0.8660714285714286
